"rf_dst","trp_dst"
0.192660550458716,0.0045696136893959
