"rf_dst","trp_dst"
0.0833333333333333,0.0021978021978022
