"rf_dst","trp_dst"
0.148148148148148,0.0142921960072595
