"rf_dst","trp_dst"
0.14018691588785,0.0146810992999741
