"rf_dst","trp_dst"
0.358490566037736,0.194516463572725
