"rf_dst","trp_dst"
0.188679245283019,0.0163663469017371
